action name,timestamp
add category,2021.05.01.13.05.54
add course,2021.05.01.13.05.54
add question in quiz,2021.05.01.13.05.54
add answer in quiz,2021.05.01.13.05.54
add question in quiz,2021.05.01.13.05.54
add answer in quiz,2021.05.01.13.05.54
add question in quiz,2021.05.01.13.05.54
add answer in quiz,2021.05.01.13.05.54
add course,2021.05.01.13.05.54
add quiz,2021.05.01.13.05.54
add user,2021.05.01.13.05.54
add user,2021.05.01.13.05.54
add user,2021.05.01.13.05.54
add user,2021.05.01.13.05.54
add user,2021.05.01.13.05.54
add user,2021.05.01.13.05.54
add teacher,2021.05.01.13.05.54
add teacher,2021.05.01.13.05.54
add teacher,2021.05.01.13.05.54
add teacher,2021.05.01.13.05.54
add teacher,2021.05.01.13.05.54
